epsilon,design,lambda_desc_1,lambda_desc_2,lambda_desc_3,lambda_desc_4,lambda_desc_5,lambda_desc_6,lambda_desc_7,lambda_desc_8
0.01,Asp-fast,0.5933596448356555,0.05344035711108146,0.02607942036584182,0.016231675393119486,0.007008127103991,0.0029324111569367733,0.0004931624983821611,5.148711692488283e-05
0.005011872336272725,Asp-fast,0.6047500838837653,0.053861416034559635,0.026595134934285898,0.016153357378467282,0.006849636010415595,0.002882808783321558,0.0005775887162020099,2.310913252415585e-05
0.0025118864315095794,Asp-fast,0.6107012858274716,0.05410264470553248,0.02689907957445862,0.016121005832465143,0.006860029141417403,0.0028585159091779533,0.0006261445769754259,6.931885414988808e-06
0.0012589254117941675,Asp-fast,0.613747832257401,0.05423230238757483,0.0270637471900752,0.01610693758957985,0.006892321453211631,0.0028466368135444346,0.0006520879587898254,1.8398225372086349e-06
0.000630957344480193,Asp-fast,0.6152911751083269,0.05429960964289023,0.027149420522761904,0.016100477770045574,0.006915739399215784,0.002840774252090294,0.0006655090393623997,4.718077753064553e-07
0.00031622776601683794,Asp-fast,0.6160688529572699,0.0543339428242854,0.027193153079896143,0.016097395346468566,0.006929334591960306,0.0028378606403326573,0.0006723437370032148,1.1956382374785952e-07
0.01,Asp-fast+AKG-slow,0.828199122645866,0.055905159201269275,0.029831069705525234,0.01633681013150984,0.007994169596749378,0.002984105402956892,0.0011731046325676566,0.0005591575653670416
0.005011872336272725,Asp-fast+AKG-slow,0.8447437199831554,0.05681337547635765,0.03052876580433851,0.016262499394923198,0.008156886928074135,0.00293800730982324,0.0006647051563657022,0.0003217138732505461
0.0025118864315095794,Asp-fast+AKG-slow,0.8534037037010783,0.05734371027982717,0.030919482415197777,0.016230441222851336,0.008310371996815545,0.002915076229763192,0.0007164218549995197,7.951920456715427e-05
0.0012589254117941675,Asp-fast+AKG-slow,0.8578528644333278,0.05762874314443444,0.03112389335321819,0.01621605794301833,0.00840242235200369,0.0029037005627485808,0.000744185191417857,1.9677779128467318e-05
0.000630957344480193,Asp-fast+AKG-slow,0.8601111494512762,0.05777662389209102,0.031228469381512868,0.016209329947570725,0.008452245506890502,0.002898039528065342,0.0007584583826714135,4.9012432471935805e-06
0.00031622776601683794,Asp-fast+AKG-slow,0.8612501702825561,0.05785203573636725,0.03128141977351887,0.01620608640921039,0.00847814121474057,0.0028952139409847244,0.0007657025953232613,1.2256388689712261e-06
0.01,Asp-fast+AKG-fast,0.5933772997466018,0.05344292032980866,0.026079864922971586,0.01623174576845865,0.007008345751363476,0.0029324153760128847,0.0004931800794780707,5.82720637981394e-05
0.005011872336272725,Asp-fast+AKG-fast,0.6047545272450603,0.05386204606292629,0.026595268900538194,0.016153372151194792,0.006849638716355005,0.002882810923615874,0.000577591376859787,2.49797327492773e-05
0.0025118864315095794,Asp-fast+AKG-fast,0.6107024025313434,0.054102800279963,0.026899117285155563,0.016121009085956123,0.006860029935699049,0.002858516747809942,0.0006261474507956926,7.413967639036218e-06
0.0012589254117941675,Asp-fast+AKG-fast,0.6137481128033486,0.05423234105756162,0.027063757275595415,0.016106938343356195,0.006892322248663765,0.002846637074462634,0.0006520890931387335,1.9617469904560525e-06
0.000630957344480193,Asp-fast+AKG-fast,0.6152912455818081,0.05429961930015573,0.027149423140480633,0.016100477951047243,0.006915739714108481,0.002840774324718208,0.0006655093848921999,5.02489783287231e-07
0.00031622776601683794,Asp-fast+AKG-fast,0.6160688706597385,0.05433394524269753,0.027193153748533573,0.016097395390863533,0.006929334688143232,0.002837860659514106,0.0006723438319902795,1.272746675836644e-07
0.01,Asp-fast+pool-AKG,1.002027373153976,0.5920435652525458,0.053432258441328595,0.026074872074771688,0.01623165569996396,0.006378782330722057,0.002926751063018248,0.0004810275656068022
0.005011872336272725,Asp-fast+pool-AKG,1.0005730032823685,0.604389320000628,0.05385825791600405,0.026591967834182648,0.01615324608682485,0.006671814272270338,0.002881200192482359,0.0005743252887801745
0.0025118864315095794,Asp-fast+pool-AKG,1.0001515565673906,0.6106068378706612,0.05410165436772875,0.026897891133322964,0.01612094535653076,0.006813379582564318,0.0028580977608482073,0.0006252748138664891
0.0012589254117941675,Asp-fast+pool-AKG,1.00003894535173,0.6137236331004816,0.05423202503335197,0.02706339040291214,0.016106916762283763,0.00688040351335446,0.00284653080648278,0.0006518605021171688
0.000630957344480193,Asp-fast+pool-AKG,1.000009887933666,0.6152850371526245,0.054299536132704246,0.027149323036773094,0.016100471721558925,0.006912723406135651,0.002840747555702597,0.000665450603302133
0.00031622776601683794,Asp-fast+pool-AKG,1.0000024967004566,0.6160673037152194,0.05433392386029021,0.027193127569909426,0.01609739371720732,0.0069285743645593565,0.0028378539293243874,0.0006723288840732621
