branch,a,delta_chi2,v4_multiplier,C_OAA_multiplier,C_Fum_multiplier
plus,0.0,0.0,1.0,1.0,1.0
plus,0.25,9.539235278e-08,1.0001,1.2555,0.9007
plus,0.5,2.850246239e-07,1.0001,1.5575,0.7871
plus,1.0,2.425597805e-07,1.0001,2.2807,0.5298
plus,1.5,1.189134696e-07,0.9999,3.0392,0.2808
plus,2.0,1.985780168e-06,0.9997,3.5962,0.1101
plus,2.5,4.084852716e-06,0.9996,3.8561,0.0336
minus,0.0,0.0,1.0,1.0,1.0
minus,-0.25,1.152177777e-07,0.9999,0.7891,1.0842
minus,-0.5,4.515076818e-07,0.9999,0.6182,1.154
minus,-1.0,1.535760089e-06,0.9998,0.3735,1.2564
minus,-1.5,2.701592723e-06,0.9997,0.2226,1.321
minus,-2.0,3.640060587e-06,0.9996,0.1315,1.3606
minus,-2.5,4.295236099e-06,0.9996,0.0774,1.3844

boundary,delta_chi2,5.36930236e-06
C_Fum_to_0,C_OAA_star,0.39725364
C_OAA_to_0,C_Fum_star,0.28373874
mapping_factor_(u+w+r)/(w+r),1.4000682919774952
mapped_C_Fum_star,0.3972536130796466
