epsilon,lambda_desc_1,lambda_desc_2,lambda_desc_3,lambda_desc_4,lambda_desc_5,lambda_desc_6,lambda_desc_7,lambda_desc_8,lambda_desc_9
0.0001,0.6574743282472141,0.08394053184225754,0.008127724996021353,0.0010002498450927303,1.4628333360112943e-08,3.681596924678916e-10,6.4079896860494285e-18,1.1624139104262113e-29,3.8112150672841463e-32
0.00014030037231905733,0.6574015658609773,0.08390929041239534,0.008130268576880297,0.000999798808701481,2.8738327885303802e-08,7.227572109743432e-10,2.4774478855814293e-17,5.265551685760679e-30,1.5819763079343062e-32
0.0001968419447286611,0.6572995510773678,0.08386546355446708,0.008133877013006257,0.0009991668548603569,5.6412523170852105e-08,1.4173534504038103e-09,9.569353425490146e-17,1.7401611761422835e-30,1.588295926102232e-31
0.0002761699813343849,0.6571565637846843,0.08380398423202673,0.008139017737757655,0.000998281893585792,1.1060768199071987e-07,2.775246195954495e-09,3.691243593252171e-16,1.8158229222628607e-30,6.874377842864264e-33
0.0003874675120456132,0.6569562268924942,0.08371774835395403,0.008146383226613544,0.0009970435691491108,2.1650526457741592e-07,5.422392728599335e-09,1.4210130886054689e-15,3.720473027816376e-30,1.5098905816643746e-32
0.0005436183620153838,0.6566756932200163,0.08359679901338334,0.008157016438080407,0.0009953126180380167,4.2275976435668864e-07,1.0562363904013383e-08,5.454207465103846e-15,1.9074542287058127e-30,1.1973786530701974e-32
0.0007626985859023443,0.6562831624336019,0.0834271876400961,0.008172519058460578,0.0009928966434269244,8.225377478046751e-07,2.0486246994618464e-08,2.084000339050815e-14,4.859588916823862e-31,5.92671294919509e-32
0.0010700689556931745,0.6557345150771612,0.08318938857301277,0.00819540449120359,0.0009895315150253382,1.5917043135483943e-06,3.949171002279734e-08,7.90674520623048e-14,2.6494603254628777e-31,3.032218600573711e-35
0.0015013107289081743,0.6549688166636777,0.08285610266857803,0.008229704852299648,0.0009848578770231982,3.0543574089027643e-06,7.546552394387291e-08,2.966151702174936e-13,2.8482606210819216e-31,5.740621519096177e-32
0.00210634454232412,0.6539024395779744,0.08238924172047206,0.008282017852955122,0.0009783931599448975,5.782381578109194e-06,1.4239999618360793e-07,1.0922540737993094e-12,1.2272818547129912e-31,2.641544627397941e-32
0.002955209235202888,0.652421610662051,0.08173586192866766,0.008363280022196018,0.0009695017453025834,1.0699093246476384e-05,2.6379337038771764e-07,3.897745087721072e-12,2.061820991273036e-31,7.386224082701068e-33
0.004146169559796819,0.6503733939683796,0.080822896947034,0.00849160004876797,0.0009573697002994913,1.8998025613788983e-05,4.754213957614755e-07,1.3173968315726653e-11,9.884672137888306e-32,1.5403018836792216e-32
0.005817091329374358,0.6475559340516377,0.07955095644009891,0.008696323917165346,0.0009409828994626651,3.131513994091998e-05,8.213576493262476e-07,4.058199078931836e-11,1.5548979873357496e-31,1.5001019675690308e-32
0.008161400793251835,0.6437110951537385,0.07778823232045812,0.00902311001072624,0.000919055904196963,4.577999970250879e-05,1.325204651119945e-06,1.0851973957858006e-10,8.513320373656323e-32,1.405561216233362e-32
0.011428571428571429,0.6385590264868228,0.07538229243754431,0.00953483689520602,0.0008900010166924845,5.642353222929577e-05,1.8956061807093694e-06,2.47927607226237e-10,4.835825664866864e-32,8.604313821400546e-33
0.011450475699382824,0.6385252886570241,0.0753663793388954,0.009538437951232628,0.0008898103973506246,5.645644407361779e-05,1.8985442820255844e-06,2.490230788375844e-10,4.414320979176283e-32,2.5162968550148434e-32
0.016065060038537287,0.6316554442373643,0.07208283675800925,0.010335137551381981,0.000850089954586479,5.382224044305786e-05,2.2029105735416414e-06,5.54946975395489e-10,2.0062722116872609e-32,1.0928722376923099e-32
0.022539339047347912,0.6227764770670844,0.06770764717692455,0.011561495790109962,0.0007920861464614014,3.1859360869292335e-05,1.8351517950704386e-06,1.4960566133302096e-09,1.9050568785976775e-32,5.2723719589302685e-34
0.03162277660168379,0.6115097355147039,0.06197549059015916,0.013451835357921558,0.0006973749544907433,5.666253174396165e-06,9.922421990331307e-07,4.257612272607982e-09,4.3238841552846034e-32,1.0559650007286631e-32
