epsilon,direction,profile_coordinate,delta_chi2,nuisance_hit_bound
0.011428571428571429,m1,-0.5,5.680444700832152e-07,False
0.011428571428571429,m1,-0.25,1.4314717271401562e-06,False
0.011428571428571429,m1,0.0,0.0,False
0.011428571428571429,m1,0.25,0.001307727414889463,False
0.011428571428571429,m1,0.5,0.005611547370871035,False
0.011428571428571429,m2,-0.5,5.593897253383526e-07,False
0.011428571428571429,m2,-0.25,1.5210920482830036e-07,False
0.011428571428571429,m2,0.0,0.0,False
0.011428571428571429,m2,0.25,1.5005604507206322e-07,False
0.011428571428571429,m2,0.5,5.59139531827174e-07,False
