a,delta_chi2
0.0,0.0
-0.1,3.5870268874872896e-07
-0.25,2.846228974980419e-07
-0.5,1.5098868880288807e-08
-0.75,1.1252616630491379e-07
-1.0,5.569061678798858e-07
-1.5,1.8632433426342592e-06
-2.0,3.0753252764781664e-06
-2.5,3.9500405003030864e-06
-3.0,4.517409342884532e-06
-3.5,4.866497719634579e-06
-4.0,5.07534326214503e-06

far_branch_parameter_multipliers
a,v4_multiplier,C_OAA_multiplier,C_Fum_multiplier
-2.5,0.9996,3.8423,0.0375
-3.0,0.9996,3.8976,0.0215
-3.5,0.9996,3.9293,0.0124
-4.0,0.9996,3.9476,0.0071

boundary_reduced_model
delta_chi2,5.369302360156972e-06
v4,4.99786623
C_OAA,0.39725364
C_Cit,4.99899219
C_AKG,0.30008144
C_Suc,0.9891294
C_Glu,0.4999218
boundary_smallest_FIM_eigenvalue,2.36413862e-06
boundary_RMS_MID_error,2.730817531272807e-06
