epsilon,design,lambda_min
0.0001,Asp-fast+CAKG,1.5009881273277324e-09
0.0001,Asp-fast+CAKG+CCit,0.0007257554590658763
0.00017782794100389227,Asp-fast+CAKG,4.733044984370786e-09
0.00017782794100389227,Asp-fast+CAKG+CCit,0.0007240690412529722
0.00031622776601683794,Asp-fast+CAKG,1.4890031988082486e-08
0.00031622776601683794,Asp-fast+CAKG+CCit,0.0007210760043194763
0.0005623413251903491,Asp-fast+CAKG,4.663945965480911e-08
0.0005623413251903491,Asp-fast+CAKG+CCit,0.0007157721599996672
0.001,Asp-fast+CAKG,1.4483926168723125e-07
0.001,Asp-fast+CAKG+CCit,0.000706399333391209
0.011428571428571429,Asp-fast+CAKG,6.9633338957039374e-06
0.011428571428571429,Asp-fast+CAKG+CCit,0.0005062984564112754
