epsilon,lambda1,lambda2,lambda3,lambda4,lambda5
0.1,0.012182535021032354,2.232372479000624,820.5102339279366,8587.278815195568,123895.70600168528
0.07498942093324558,0.004035189383778397,1.391285925693449,816.8020883522703,8663.181318186857,124174.30573393674
0.056234132519034905,0.001284023870564711,0.838010004042611,813.8640247790199,8719.149058016468,124379.59664707692
0.042169650342858224,0.00039879239174466045,0.48138548672114734,811.5796141671237,8760.585124691053,124531.5494214505
0.03162277660168379,0.00012294552459370388,0.26785396869029476,809.811574206781,8791.34813107794,124644.29618065592
0.023713737056616554,3.7997943146969265e-05,0.14765006159060956,808.448512401433,8814.236406555707,124728.11077404322
0.01778279410038923,1.1803371218967148e-05,0.081568490319739,807.4039773921339,8831.296616980393,124790.53455468548
0.01333521432163324,3.6828041249525096e-06,0.045249772985547054,806.6081784703111,8844.031490944819,124837.10387294447
0.01,1.1529750839515525e-06,0.02518764654567311,806.00453737198,8853.548428483475,124871.89049464143
0.007498942093324558,3.6186522030699335e-07,0.014056253908697774,805.548079055636,8860.66665558225,124897.90094620362
0.005623413251903491,1.1379025409269102e-07,0.007859289272335115,805.2036835708418,8865.994193875471,124917.36352971573
0.004216965034285822,3.5829551096856e-08,0.004400680436909576,804.9442559431558,8869.983450542391,124931.93456679129
0.0031622776601683794,1.128906815756156e-08,0.002466738058216569,804.7490618488816,8872.971691963703,124942.84792131797
0.0023713737056616554,3.5557624623249755e-09,0.0013838082456563206,804.6023233422902,8875.210713530094,124951.02426823595
0.0017782794100389228,1.12314582890919e-09,0.0007767671886358468,804.4920815369236,8876.888706479564,124957.15144227482
0.001333521432163324,3.602162772805562e-10,0.0004362166901829966,804.4092978638869,8878.14644099318,124961.74380277826
0.001,1.0755695379715792e-10,0.0002450535242187216,804.3471549494324,8879.089281200211,124965.18625434703
