metabolite,outflow,turnover,log10_turnover,gap_to_next,ratio_to_next
Gc,0.0378812619557718,0.0037881261955771,-2.421575561577446,0.0,1.0
PG,0.0378812619557718,0.0037881261955771,-2.421575561577446,1.058888498837566,11.452188791559351
Cit,0.4338233635800141,0.0433823363580014,-1.3626870627398802,0.1932908402709134,1.5605972607117722
AKG,0.6770235528357373,0.0677023552835737,-1.169396222468967,0.0785238278448459,1.198184860566277
ICit,0.8111993712545733,0.0811199371254573,-1.0908723946241208,0.5469724806476505,3.52348543540436
Pyr,2.8582491698246644,0.2858249169824664,-0.5438999139764703,0.000210377323052,1.0004845290342526
Suc,2.859634074534572,0.2859634074534572,-0.5436895366534182,0.0393090408838538,1.0947350949266073
SBP,3.130541780040966,0.3130541780040966,-0.5043804957695643,0.0742744631964572,1.1865183610546959
G6P,3.714445302067458,0.3714445302067458,-0.4301060325731071,0.0608950582233374,1.1505223461585106
PEP,4.27355232361211,0.427355232361211,-0.3692109743497696,0.0032352542999956,1.0074772644921792
Ga,4.3055068046569245,0.4305506804656924,-0.365975720049774,0.0438986564559146,1.1063655810835402
Fum,4.763464537793395,0.4763464537793395,-0.3220770635938594,0.2014194961685507,1.5900819079131048
R5P,7.574298780530937,0.7574298780530937,-0.1206575674253087,0.0190894896313144,1.0449355138287852
Glx,7.914653788126836,0.7914653788126836,-0.1015680777939942,0.0625680944131023,1.1549630608250319
AcCoA,9.141132764505404,0.9141132764505404,-0.0389999833808919,0.1388623624983731,1.3767730699885976
X5P,12.585265419361464,1.2585265419361464,0.0998623791174812,0.0109804706464969,1.0256058057743613
FBP,12.90752128130842,1.290752128130842,0.1108428497639781,0.0576478442014396,1.1419519861534342
RuBP,14.739769563507872,1.4739769563507872,0.1684906939654178,0.0385470166657656,1.0928159288995853
OAA,16.107854967310693,1.6107854967310693,0.2070377106311834,0.0004970841035422,1.0011452337266735
CO2,16.126302226083624,1.6126302226083624,0.2075347947347256,0.0815246307348699,1.2064925117108796
Ru5P,19.456262877356384,1.9456262877356385,0.2890594254695955,0.0491669136419268,1.1198682029223161
DHAP,21.78845014404927,2.178845014404927,0.3382263391115224,0.0385175174514024,1.0927417024982224
TK,23.80914810520604,2.380914810520604,0.3767438565629248,0.022361264221594,1.052837303542297
Mal,25.06715929072432,2.506715929072432,0.3991051207845189,0.0924411231767448,1.2372034522600097
G2P,31.013176012835707,3.101317601283571,0.4915462439612637,0.0515797661074455,1.126107280055398
S7P,34.92416328569374,3.492416328569374,0.5431260100687093,0.1212654862928697,1.3221035954541487
E4P,46.17336184824347,4.617336184824347,0.664391496361579,0.1478704891519466,1.405628289564938
G3P,64.90258363820945,6.490258363820945,0.8122619855135257,0.5655867529810134,3.677788521178854
F6P,238.69797709945715,23.869797709945715,1.377848738494539,0.0100775510939896,1.0234757359722033
TA,244.3015877869431,24.43015877869431,1.3879262895885287,0.0226832688099594,1.0536182118180455
GAP,257.40060206838825,25.740060206838827,1.410609558398488,,
